id_mem,id_mem_ins,nome_mem,curso_mem,email_mem,status_mem,cargo_mem,website_mem,imagem_mem_url
60,,Raphael Nascimento,Ciência da Computação,raphaelleite720@gmail.com,True,Membro,,https://drive.google.com/thumbnail?id=1vxT8xoBSIlqna4z-lweSk7UDgCgUUmof
cbd50cf4-9fa1-45d1-b53a-7ff66c426db3,,Thaís Gaudencio,,,True,Professor(a),,https://drive.google.com/thumbnail?id=1u02sT_jy5sQEsaddbjLdwXO9bbcensoP
70,,Davi Nasiasene,Ciência de Dados e Inteligência Artificial,davi.ted@hotmail.com,False,Ex aluno(a),,https://drive.google.com/thumbnail?id=1TQxfalZu9ixswinaL3unZL5KObSz4joO
19,,Igor Simões,Engenharia da computação,igor.s.simoes@gmail.com,True,Diretor,,https://drive.google.com/thumbnail?id=1sYQIDJfxPUc4y4YKzN9G2wa5fX-v0uTW
5,,Adriel Cabral,Ciência da Computação,adreilcabral9@gmail.com,True,Diretor,,https://drive.google.com/thumbnail?id=1RR4ef8Mz6kuRcucJwmUpvXB7Yo-ibN4a
95,5f550751-3bea-4a57-9419-47912bd28001,Davi Ribeiro,Ciência de Dados e Inteligência Artificial,davi.ribeiro@academico.ufpb.br,True,Diretor,,https://drive.google.com/thumbnail?id=1RiFQRIAYWmfsnWdTTtrccX70QKBTZIsj
102,097d6f87-c9d6-461c-8884-77c856bdeeab,Jonas Gabriel,Ciência da Computação,jonasftw2222@gmail.com,True,Diretor,,https://drive.google.com/thumbnail?id=1rA8mHGpJJi5Hi9oCefX098sAwjp3Ec-V
6,,Tales Nobre,Ciência de Dados e Inteligência Artificial,tales.nobre@academico.ufpb.br,True,Vice presidente,,https://drive.google.com/thumbnail?id=1R3UJg8NOLjASORjcz16PwJBk3oJVQLKW
85,,Tiago Trindade,Ciência da Computação,trindadtiago@gmail.com,True,Líder,https://trindadetiago.github.io/,https://drive.google.com/thumbnail?id=1qtvbAvyw-VGu4j9bSOwvn_bK1c7TcNEy
38,,Ícaro Rodrigues,Ciência da Computação,icarormori@gmail.com,True,Diretor,,https://drive.google.com/thumbnail?id=1QpKJ2APP6EQkf5utZyT3ASQxZmCPkyHT
47,,Felipe Honorato,Engenharia da computação,felipesousa@eng.ci.ufpb.br,True,Fundador,,https://drive.google.com/thumbnail?id=1pf-iAyjwLmBfsg_2eOZEq6470-cVL2ml
49,,Manuel Ferreira,Estatística,ferreira.jr.ufpb@gmail.com,False,Fundador,,https://drive.google.com/thumbnail?id=1pbb1Zi98IZSZAPL3CL7MH7W6N1WYv2Ar
0899cc17-7ce8-426a-baa1-49a9416b561e,,Telmo Filho,,,True,Professor(a),,https://drive.google.com/thumbnail?id=1NB3xhZYSS1JMSYVOwg3cAqwUOy6QS5PB
88fee7b7-5439-404a-9cd6-70f0e4c4a9f7,75adc44c-613c-4d4f-b59e-4af92be149cb,Bruna Gabriela Soares de Lima,Ciência da Computação,brunagslimaa@gmail.com,True,Membro,,https://drive.google.com/thumbnail?id=1mSlBRznrIaYvKjNTuFXAsnzEz77bsa9R
48,,João Pedro Vasconcelos,Engenharia da computação,joaoteixeira@eng.ci.ufpb.br,False,Fundador,,https://drive.google.com/thumbnail?id=1mJkoWHtX6B4NCCXmPa0q9xbDG1SZNJ1U
98,,Frankley Kaiky,Engenharia da computação,kaikym20@gmail.com,True,Diretor,,https://drive.google.com/thumbnail?id=1KRHhvOEIjyBI0sQAp2Sb6JElEJR0UwWf
125,,Maria Eduarda Donato,Ciência da Computação,maria.donato@academico.ufpb.br,True,Membro,,https://drive.google.com/thumbnail?id=1i5EOBJFPrh-E3XmDj2Qttn0WPyirPITU
139,,Ana Luísa Londres,Engenharia da computação,analuisa_londres@hotmail.com,True,Membro,,https://drive.google.com/thumbnail?id=1hXtEcKCMEHF7nN5fv3yaDCL_yXZlNh9m
82,,Nicholas Gabriel,Ciência da Computação,nicholasgabriel65@gmail.com,True,Líder,,https://drive.google.com/thumbnail?id=1Gy7bQ4ayhXGGSxHF8eaB-pvDxaHQNzbt
9,,Joaquim Breno,Engenharia da computação,contatojoaquim.breno@gmail.com,True,Diretor,,https://drive.google.com/thumbnail?id=1F4jZbwmkUwBDav7wi4KalD4G_ikNwkNa
8,,Caio Chacon,Ciência de Dados e Inteligência Artificial,caio.lucas@academico.ufpb.br,True,Diretor,,https://drive.google.com/thumbnail?id=1eWlB0AN59A9LEo3SGbu68YB2FLGMS3Ef
46,,Itamar Rocha,Engenharia da computação,itamardprf@gmail.com,False,Fundador,,https://drive.google.com/thumbnail?id=1bxcCgYJ3ilXrahJF-pUbA2VJ-8YiCWog
50,,Wallace Lucena,Engenharia da computação,,False,Fundador,,https://drive.google.com/thumbnail?id=1AxLwBbEXHZK-yzDOYYUWGw5DcQhX6BjY
76,,Jonas Felipe,Ciência de Dados e Inteligência Artificial,jonas.felipe@academico.ufpb.br,True,Diretor,,https://drive.google.com/thumbnail?id=1ADWZqvmKIrpz9mKMEMQlmCyqMIPKRw1a
73,,Guilherme Huther,Ciência da Computação,guilhermehuther@gmail.com,False,Ex aluno(a),,https://drive.google.com/thumbnail?id=17QiPsa73K8fPhSD0zo0GG_El5-1DqDWT
06866a04-4574-49d2-824e-855c88180b92,,Yuri Malheiros,,,True,Professor(a),,https://drive.google.com/thumbnail?id=16UCsOqyxzGI6vgjICtLBmFP-BxxOVLhm
1,,Guilherme Jácome,Engenharia da computação,guircos1@gmail.com,True,Presidente,,https://drive.google.com/thumbnail?id=13byj0BZnK3_NTGZF3F8gqOVS0f6EgjF4
71,,Felipe Arcela,Ciência da Computação,felipe.arcela@academico.ufpb.br,True,Líder,,https://drive.google.com/thumbnail?id=1-RWR1w6-mlHYMJGSNXO7H-OFIC3vKWGY
2,,Cândido Alfredo,Engenharia Civil,candidoalfilho@hotmail.com,False,Ex aluno(a),,
4c4d72de-2bc3-4d82-a50d-b69708778bb6,137a1050-0c54-42c9-ad4e-ec7c86f45bf1,Luigi Emanuel Martins Schmitt,Ciência da Computação,schmittluigi@gmail.com,True,Membro,,
791830b8-7b4a-4eb7-99f8-b4cc4b4e5e15,8e6abb1e-b38e-4c87-adfc-0d009dec15f4,Pamella,Mestrado em Neurociência Cognitiva e Comportamental,pamellamart.n@gmail.com,True,Membro,,
7c341fd2-d0a3-41b5-8725-c0f8f13c757a,17c850e8-a3fc-4294-9abd-8a4893da9afe,Gabriel Ayres Bezerra do Nascimento,Engenharia da Computação,gabn2012@gmail.com,True,Membro,,
60ed8548-616b-407e-96b4-b78ad87504ee,4f29048d-0749-49ed-9da2-503fe9b3ff7c,Antonio Isaac Araújo Firmino de Sousa,Ciência da Computação,antonio.isaac@academico.ufpb.br,True,Membro,,
e97ebba7-d642-4d8c-9500-3f23b9c6f8d9,92735bb1-09d2-464e-bdf8-19b113d08edb,Pedro Henrique Mlaheiros Costa Martins,Ciência da Computação,pedro.malheiros@academico.ufpb.br,True,Membro,,
3bcb3d10-665d-482f-8783-fbce438b4c23,9f97565b-4960-449d-bb67-a473025d4cb6,Vivianny Khatly,Ciência de Dados e Inteligência Artificial,vkhatly@gmail.com,True,Membro,,
79276827-40c1-4211-bbe6-0228573b142f,d80f4a11-bf04-4b38-b689-b88f0f847edd,Pedro Augusto Gomes Medeiros,Ciência da Computação,pedro.augusto40gm@gmail.com,True,Membro,,
cecbee6b-109c-40f5-8516-cc9d719ab7f1,07f683e7-1415-4d29-a736-addc31dd0151,Wendson Carlos Souza da Silva,Engenharia da Computação,wendsoncarlos09@gmail.com,True,Membro,,
ef3d1385-5fea-4d80-a00b-3b22a626f12b,fec24683-e8f3-4ef7-8360-3d04d39596dc,Weverton Vitor Santos Silva,Ciência da Computação,wevertonvitor01@gmail.com,True,Membro,,
c1c7e7ee-21d9-437d-a2c0-3aca277184ba,127e1055-bfc9-4677-baa2-270d05010e0f,Rômulo Henrique Nascimento Duarte,Ciência da Computação,romulohenri000@gmail.com,True,Membro,,
56032f6b-d54d-46b9-9c52-706a16efe043,36461588-c95f-4520-a64f-785754436998,Victor Marques,Ciência de Dados e Inteligência Artificial,vm32935@gmail.com,True,Membro,,
4bd02ddf-0996-474e-905d-cda0ab6711e8,1f3b2272-bf19-4a2d-ae97-fa235ca7ff08,Gabriele Targino Eugênio Soares Chaves,Ciência de Dados e Inteligência Artificial,gabrieletargino05@gmail.com,True,Membro,,
534bc9b6-a84b-4fe9-ab18-8de66f8764d5,d4825a65-1544-4f31-b5b7-a7453009181a,Rafael Henrique Ribeiro Amancio,Ciência de Dados e Inteligência Artificial,rafael.henrique@academico.ufpb.br,True,Membro,,
a277264d-5583-4840-9233-89a3fde7aa43,ac21958a-0762-4baa-a3c7-6f33a65230c0,Isabella Nascimento de Sousa,Ciência da Computação,isabellasousa2422@gmail.com,True,Membro,,
7afcb237-44dc-4c88-9ce3-a947957a3cdd,65986d05-e3d3-4c3d-9d23-6107709d19e4,Luis Henrique Fernandes de Carvalho,Ciência da Computação,luishenrique.fcarvalho@gmail.com,True,Membro,,
eb9f3df4-c432-4b38-9f89-7f407b2c0d68,829c78ea-6d6e-4ec4-8e34-126873e4af47,Ana Paula Chaves Cabral,Ciência da Computação,ana.cabral@academico.ufpb.br,True,Membro,,
f2b9fc4f-308c-46fc-82df-93a8fb243862,e197807d-2e0b-492f-a38d-8a2b62027c86,Pedro Henrique Medeiros Vieira,Ciência de Dados para Negócios,pedrohmvieira04@gmail.com,True,Membro,,
26c958d1-24d1-47cf-8b06-0b32ce479f35,007103b2-eb0f-4515-992f-950d7c9ec5b6,Elayni Franco,Ciência de Dados e Inteligência Artificial,elaynienoly@gmail.com,True,Membro,,
2235e7e6-5b1d-4f9f-a9d1-21d30397fc54,7e85b45f-021e-4bac-8ca3-522c3513b9c3,Ian Rocha Bittencourt,Ciência da Computação,ianbittencourt03@gmail.com,True,Membro,,
efef9237-b3d6-48b2-81fc-05c184b1ebb2,b81921e5-29bc-430c-a795-3dc1b60ee121,Daniel Victor Carneiro Brandão da Costa,Ciência da Computação,danielvictorcarneiro21@gmail.com,True,Membro,,
112,be19283e-2132-4085-8d8d-c7b1b3e62faf,Túlio Neiva,Ciência da Computação,tuliorneiva@gmail.com,True,Membro,,
0,78ac7eb9-6b6e-4eaf-b1c0-6519ee6adb07,Humberto Navarro,Engenharia da computação,humbertonavarroc@gmail.com,True,Orientador(a),,
146,,Adriel Ferreira Trajano,Ciência de Dados e Inteligência Artificial,adriel.ferreira@academico.ufpb.br,True,Membro,,
145,,Camila Eduardo Costa,Ciência da Computação,camilaaeduardo@gmail.com,True,Membro,,
144,,Fernanda Azevedo,Engenharia da computação,fernandadants@hotmail.com,True,Membro,,
143,,Samuel José Fernandes,Ciência de Dados e Inteligência Artificial,sjfm@academico.ufpb.br,True,Membro,,
103,,Jonas Oliveira,Ciência de Dados e Inteligência Artificial,jonasbdc1998@gmail.com,False,Ex aluno(a),,
142,,Pedro Luca Vaz,Ciência da Computação,pucamain@protonmail.com,True,Membro,,
141,,Leudo Neto,Engenharia da computação,leudoneto1234@gmail.com,True,Membro,,
140,,Allejandro Sousa,Ciência da Computação,allejandro.sousa@academico.ufpb.br,True,Membro,,
138,,Rodrigo Veríssimo,Ciência da Computação,rodrigo.verissimo2@academico.ufpb.br,True,Membro,,
137,,Matheus Felipe Lima,Engenharia da computação,mathfelpessoal@gmail.com,True,Membro,,
136,,Cassiano Sabino,Ciência da Computação,cass.sabino@gmail.com,True,Membro,,
135,,João Paulo Borges,Ciência de Dados e Inteligência Artificial,joao.borges@lavid.ufpb.br,True,Membro,,
134,,Beatriz Barreto,Ciência de Dados e Inteligência Artificial,biabcavalcantii@gmail.com,True,Membro,,
133,,Maria da Penha Santos,Engenharia da computação,mary.m0rhw@gmail.com,True,Membro,,
132,,Thiago Rodrigues,Ciência de Dados e Inteligência Artificial,thiago.rodrigues@academico.ufpb.br,True,Membro,,
131,,Kaio Barreto,Engenharia da computação,kaio.barreto@academico.ufpb.br,True,Membro,,
130,,Joyce Ribeiro,Ciência da Computação,joyribeirogxavier@gmail.com,True,Membro,,
129,,Thauã Magalhães,Engenharia da computação,thauanlucascpl@gmail.com,True,Membro,,
128,,Erlon Lacerda,Ciência de Dados e Inteligência Artificial,erlon.avelino@academico.ufpb.br,True,Membro,,
127,,Moisés Filipe,Ciência de Dados e Inteligência Artificial,moises.filipe@academico.ufpb.br,False,Ex aluno(a),,
126,,Mauro Coimbra,Ciência da Computação,maurocoimbrab@gmail.com,True,Membro,,
124,,Luiz Augusto,Engenharia da computação,luiz.landim@academico.ufpb.br,False,Ex aluno(a),,
123,,Geminiano Neto,Engenharia da computação,geminiano31.10@gmail.com,False,Ex aluno(a),,
122,,Felipe Lima,Ciência da Computação,felipy0439@gmail.com,False,Ex aluno(a),,
121,,Êmilly Eduarda,Ciência da Computação,emilly.eduarda@academico.ufpb.br,True,Membro,,
120,,Bruno Soares,Engenharia da computação,bruno.lopes2@academico.ufpb.br,False,Ex aluno(a),,
119,,Bárbara Pedroso,Engenharia da computação,barbara.camargo@academico.ufpb.br,False,Ex aluno(a),,
118,,Yvson Nunes,Engenharia da computação,yvsonnunes7@gmail.com,True,Membro,,
117,,Yhasmin Tigre,Ciência de Dados e Inteligência Artificial,yhasmim.tigre@academico.ufpb.br,False,Ex aluno(a),,
116,,Yan Borges,Não informado,yanborges75@gmail.com,False,Ex aluno(a),,
115,,Wanusa Pontes,Estatística,wanusapontesest@gmail.com,False,Ex aluno(a),,
114,,Vitor Zimbrunes,Não informado,vitorzim48@gmail.com,True,Membro,,
113,,Vitor de Sousa França,Engenharia Elétrica,vitor.franca@cear.ufpb.br,False,Ex aluno(a),,
111,,Raul Souza,Não informado,raulmuniz08@gmail.com,False,Ex aluno(a),,
110,,Raquel Patrício,Engenharia da computação,raquelpmoraes2@gmail.com,False,Ex aluno(a),,
109,,Rafael Melo,Engenharia da computação,rafaeldmeloo@gmail.com,True,Membro,,
108,,Maura Chaves,Não informado,maurachsousa@gmail.com,True,Membro,,
107,,Matheus Melo,Engenharia da computação,math.li.melo@gmail.com,False,Ex aluno(a),,
106,,Lucas Bitu,Engenharia da computação,lucasbitu55@gmail.com,True,Membro,,
105,,Laís Silva,Ciência da Computação,lsmaarques@gmail.com,False,Ex aluno(a),,
104,,Josenildo Simão,Engenharia da computação,silva.josenildo@academico.ifpb.edu.br,False,Ex aluno(a),,
101,,Gabriela Monteiro,Engenharia da computação,gabrielagcam@gmail.com,False,Ex aluno(a),,
100,,Gabriel de Jesus,Não informado,gabrielpereira00pereiragabriel@outlook.com,False,Ex aluno(a),,
99,,Gabriel Araújo,Ciência de Dados e Inteligência Artificial,gabriel.araujo@academico.ufpb.br,False,Ex aluno(a),,
97,,Edgard Henrique,Ciência da Computação,edgardh.coelho@hotmail.com,False,Ex aluno(a),,
96,,Deivison Rodrigues,Ciência de Dados e Inteligência Artificial,deivison1802@gmail.com,False,Ex aluno(a),,
94,,Daniel Baptista Vio,Ciência de Dados e Inteligência Artificial,daniel.vio@academico.ufpb.br,False,Ex aluno(a),,
93,,Daniel Araújo,Ciência da Computação,dalds@academico.ufpb.br,False,Ex aluno(a),,
92,,Carine Barros,Estatística,krinecbs@gmail.com,False,Ex aluno(a),,
91,,Bruno Barros,Engenharia Civil,brunobdandrade@hotmail.com,False,Ex aluno(a),,
90,,Bianca Lira,Farmácia,biancalcordeiro@hotmail.com,False,Ex aluno(a),,
89,,Arthur Ramón,Ciência da Computação,arthuramon.souza93@hotmail.com,True,Membro,,
88,,Ana Carolina Moura,Engenharia da computação,aninhamma03@gmail.com,False,Ex aluno(a),,
87,,Abner Lins,Não informado,abner.lins.silva@gmail.com,False,Ex aluno(a),,
86,,Vito Elias,Engenharia da computação,vito.elias9@gmail.com,False,Ex aluno(a),,
84,,Samila Garrido,Ciência de Dados e Inteligência Artificial,samila.rodrigues@academico.ufpb.br,False,Ex aluno(a),,
83,,Ralf Dewrich,Engenharia da computação,ralfferreira995@gmail.com,True,Membro,,
81,,Marcelo Cavalcante,Engenharia da computação,marcelo.freitas@academico.ufpb.br,False,Ex aluno(a),,
80,,Lucas Farias,Ciência da Computação,lucasfariasdemedeiros@gmail.com,False,Ex aluno(a),,
79,,Luana de Méro,Ciência da Computação,luanamero4@gmail.com,True,Membro,,
78,,Leo Jaime,Ciência de Dados e Inteligência Artificial,leojaime1205@gmail.com,True,Membro,,
77,,José Augusto,Ciência de Dados e Inteligência Artificial,jose.silva4@academico.ufpb.br,True,Membro,,
75,,Isaac Sebastian,Engenharia da computação,isaac.sebastian@academico.ufpb.br,True,Membro,,
74,,Guilherme Muniz,Ciência da Computação,guilhermemunizdeoliveira1@gmail.com,True,Membro,,
4,7a7130df-f89d-444f-966e-1ab217cd75e8,Victoria Grisi,Ciência da Computação,vivigfabiao@gmail.com,True,Orientador(a),,
3,,Victor Brasil,Ciência da Computação,victorbrasil@cc.ci.ufpb.br,False,Ex aluno(a),,
72,,George Paulino,Engenharia da computação,george7paulino@gmail.com,True,Membro,,
69,,Ciro Gomes,Ciência de Dados e Inteligência Artificial,ciro.ggj@gmail.com,True,Membro,,
68,,Anna Carolina,Ciência de Dados e Inteligência Artificial,anna.escbr@gmail.com,False,Ex aluno(a),,
67,,Ana Carolina Aguiar,Ciência da Computação,aninhamma03@gmail.com,True,Membro,,
66,,João Victor Dantas,Ciência da Computação,jvictordantas1@gmail.com,True,Membro,,
65,,Taylor Klaus,Engenharia da computação,taylorkcantalice@gmail.com,True,Membro,,
64,,Hermano Neto,Ciência da Computação,hermano.f.neto@gmail.com,True,Membro,,
63,,Bertrand Lira,Engenharia da computação,bertrandlira@hotmail.com,True,Membro,,
62,,Guilherme Pujoni,Ciência de Dados e Inteligência Artificial,gpujoni29@gmail.com,True,Membro,,
61,,Raffael Leobino,Engenharia Civil,raffael.leobino1@gmail.com,True,Membro,,
59,,Gisele Silva,Ciência da Computação,gisellegomezz36@gmail.com,True,Membro,,
58,,Maria Eduarda Bandeira,Ciência de Dados e Inteligência Artificial,maria.bandeira@academico.ufpb.br,True,Membro,,
57,,Cameron Maloney,Ciência da Computação,cmdotcema@gmail.com,True,Membro,,
56,,Daniel Moreira,Ciência da Computação,danjoje@gmail.com,True,Membro,,
55,,David Londres,Ciência da Computação,davidubaldolondres@gmail.com,False,Ex aluno(a),,
54,,Luiz Gusttavo,Engenharia da computação,luiz.gusttavo26@gmail.com,True,Membro,,
53,,Guilherme Iram,Ciência de Dados e Inteligência Artificial,guilherme.iram@gmail.com,True,Membro,,
52,,Rafael Guilherme,Engenharia de produção,rafaelgnb@hotmail.com,True,Membro,,
51,,Dayvison Gomes,Ciência de Dados e Inteligência Artificial,ddayvisongomes11@gmail.com,True,Membro,,
45,,Humberto Escorel,Engenharia da computação,humbertoe11@hotmail.com,False,Ex aluno(a),,
44,,Pedro Sotero,Engenharia da computação,pedrupping@outlook.com,False,Ex aluno(a),,
43,,Thales Santana,Engenharia da computação,thalessantana@eng.ci.ufpb.br,False,Ex aluno(a),,
42,,Weslley Gomes,Engenharia da computação,weslley_45@eng.ci.ufpb.br,False,Ex aluno(a),,
41,,Victor Lisboa,Engenharia Civil,jvclisboa@outlook.com,False,Ex aluno(a),,
40,,Rodolfo Pereira,Estatística,rodolfo.pereirafcursos@gmail.com,False,Ex aluno(a),,
39,,Luiz Fernando,Ciência de Dados e Inteligência Artificial,luiz.costa@academico.ufpb.br,False,Ex aluno(a),,
37,,Gabriel Medeiros,Direito,gmnmedeiros@gmail.com,False,Ex aluno(a),,
36,,Fernanda Fernandes,Engenharia Elétrica,fernanda.fernandes@cear.ufpb.br,False,Ex aluno(a),,
35,,Epitacio Pessoa,Engenharia da computação,epitaciobneto@gmail.com,False,Orientador(a),,
34,,Carmem Neri,Ciência da Computação,carmem.neri@ccc.ufcg.edu.br,False,Ex aluno(a),,
33,,Arthur Silva Cavalcante,Ciência da Computação,arthur.ferreira@ccc.ufcg.edu.br,False,Ex aluno(a),,
32,,Ana Luiza Viana,Engenharia Agrícola,luiza.viiana@outlook.com,False,Ex aluno(a),,
31,,Yann Nicholas,Medicina,yann.nicholas@gmail.com,False,Orientador(a),,
30,,Vinícius Medeiros,Ciência da Computação,viniciusmedeiros2571@gmail.com,False,Ex aluno(a),,
29,,Rômulo Kunrath,Medicina,romulokps@gmail.com,False,Ex aluno(a),,
28,,Rebeca Maria Estrela,Direito,rebecamestrela@gmail.com,False,Ex aluno(a),,
27,,Marcelo Camilo,Engenharia Química,marcelocamilogomes@gmail.com,False,Ex aluno(a),,
26,,Luiz Felipe Soares,Ciência da Computação,luizfelipe.sc1999@gmail.com,False,Ex aluno(a),,
25,,Luís Eduardo Negreiros,Medicina,luiseduardonegreiros@gmail.com,False,Ex aluno(a),,
24,,Lucas Pontes,Estatística,pcastrovian@gmail.com,False,Ex aluno(a),,
23,,Larissa Lucena,Ciências biológicas,lalalarissa.oli@gmail.com,False,Orientador(a),,
22,,Jorge Gomes,Ciência da Computação,httpmelo@gmail.com,False,Orientador(a),,
21,,Joás Ferreira,Estatística,ferreira.joas.17@gmail.com,False,Expulso(a),,
20,,Jefferson Veríssimo,Engenharia Química,jeferssonalex07@gmail.com,False,Ex aluno(a),,
18,,Giulia Carvalhal,Medicina,carvalhalgiulia@gmail.com,False,Orientador(a),,
17,,Gabryel Raposo,Engenharia Elétrica,gabryel.alencar@cear.ufpb.br,False,Ex aluno(a),,
16,,Gabriel Belo,Administração,gabrielbelolima@gmail.com,True,Ex aluno(a),,
15,,Franklin Anthony,Engenharia da computação,franklinanthony@eng.ci.ufpb.br,True,Membro,,
14,,Douglas Antonio,Medicina,douglas--damaj@hotmail.com,False,Ex aluno(a),,
13,,Daniel Cabral,Engenharia Civil,danicabral_costa@hotmail.com,False,Ex aluno(a),,
12,,André Hugo,Engenharia da computação,andrehugo451@gmail.com,False,Ex aluno(a),,
11,,André Castro,Ciência da Computação,andrelobo27@gmail.com,False,Orientador(a),,
10,,Ana Clara Chaves,Engenharia de produção,anaclara.chaves91@gmail.com,False,Orientador(a),,
7,,Marília Brito,Ciências Contábeis,mariliabs93@gmail.com,False,Orientador(a),,
